time,waveheight
64.6875,0.06041804899
64.75,0.05862604899
64.8125,0.051458048990000005
64.875,0.05477004899
64.9375,0.07166604899
65.0,0.08958604899
65.0625,0.08216204899
65.125,0.06373004899
65.1875,0.07857804899
65.25,0.11262604899999999
65.3125,0.11185804899999999
65.375,0.07115404899000001
65.4375,0.04837004899
65.5,0.04531404899
65.5625,0.03121804899
65.625,-0.002317951007
65.6875,-0.02969395101
65.75,-0.03890995101
65.8125,-0.04916595101
65.875,-0.07630195101
65.9375,-0.10470195099999999
66.0,-0.11878195100000001
66.0625,-0.11878195100000001
66.125,-0.115469951
66.1875,-0.111869951
66.25,-0.106765951
66.3125,-0.09370995101
66.375,-0.06348595101
66.4375,-0.016397951009999998
66.5,0.01432204899
66.5625,0.03045004899
66.625,0.06475404899000001
66.6875,0.118786049
66.75,0.16331404900000002
66.8125,0.177650049
66.875,0.171506049
66.9375,0.16741004899999998
67.0,0.163826049
67.0625,0.16614604900000002
67.125,0.151554049
67.1875,0.120050049
67.25,0.08011404899
67.3125,0.04173004899
67.375,0.005106048993
67.4375,-0.037373951009999996
67.5,-0.08089395100999999
67.5625,-0.116493951
67.625,-0.143101951
67.6875,-0.157965951
67.75,-0.168189951
67.8125,-0.177917951
67.875,-0.181517951
67.9375,-0.177917951
68.0,-0.170237951
68.0625,-0.15873395099999998
68.125,-0.139277951
68.1875,-0.11674995099999999
68.25,-0.08703795101
68.3125,-0.05580595101
68.375,-0.03252595101
68.4375,-0.01458995101
68.5,0.007154048993
68.5625,0.036866048990000004
68.625,0.06016204899
68.6875,0.07064204899000001
68.75,0.08397004898999999
68.8125,0.111090049
68.875,0.145650049
68.9375,0.160002049
69.0,0.160498049
69.0625,0.154354049
69.125,0.147698049
69.1875,0.145650049
69.25,0.143106049
69.3125,0.12773004899999998
69.375,0.09035404898999999
69.4375,0.07038604899
69.5,0.05656204899
69.5625,0.03584204899
69.625,0.002306048993
69.6875,-0.020989951009999997
69.75,-0.03022195101
69.8125,-0.03814195101
69.875,-0.06196595101
69.9375,-0.09650995101
70.0,-0.12185395099999999
70.0625,-0.135165951
70.125,-0.142605951
70.1875,-0.149261951
70.25,-0.15129395099999998
70.3125,-0.143869951
70.375,-0.123917951
70.4375,-0.107021951
70.5,-0.10778995100000001
70.5625,-0.115981951
70.625,-0.107021951
70.6875,-0.07833395101000001
70.75,-0.03585395101
70.8125,-0.01614195101
70.875,-0.013309951010000001
70.9375,0.010754048989999999
71.0,0.06630604898999999
71.0625,0.115714049
71.125,0.13131404900000002
71.1875,0.14848204899999998
71.25,0.189698049
71.3125,0.239874049
71.375,0.283122049
71.4375,0.265474049
71.5,0.215810049
71.5625,0.16843404899999997
71.625,0.116482049
71.6875,0.06041804899
71.75,-0.004605951007
71.8125,-0.05452595101
71.875,-0.09063795101
71.9375,-0.11444595099999999
72.0,-0.138237951
72.0625,-0.154621951
72.125,-0.162813951
72.1875,-0.157965951
72.25,-0.137213951
72.3125,-0.121085951
72.375,-0.114189951
72.4375,-0.106253951
72.5,-0.09089395101
72.5625,-0.07142195101
72.625,-0.05631795101
72.6875,-0.04455795101
72.75,-0.024061951010000002
72.8125,-0.000525951007
72.875,0.01817804899
72.9375,0.03070604899
73.0,0.041202048990000004
73.0625,0.05528204899
73.125,0.07526604899
73.1875,0.08753804898999999
73.25,0.09573004899
73.3125,0.09726604899
73.375,0.102146049
73.4375,0.112370049
73.5,0.113394049
73.5625,0.09062604899
73.625,0.06169804899
73.6875,0.05120204899
73.75,0.051458048990000005
73.8125,0.03275404899
73.875,0.002818048993
73.9375,-0.019213951009999997
74.0,-0.03122995101
74.0625,-0.05172595101
74.125,-0.07348595101
74.1875,-0.08346995101
74.25,-0.08754995101
74.3125,-0.09012595101
74.375,-0.09345395101
74.4375,-0.09548595101
74.5,-0.08908595101
74.5625,-0.07527795101
74.625,-0.06785395101
74.6875,-0.07039795101
74.75,-0.07065395101
74.8125,-0.06194995101
74.875,-0.050189951010000004
74.9375,-0.05095795101
75.0,-0.06606195101
75.0625,-0.07527795101
75.125,-0.06887795101000001
75.1875,-0.05350195101
75.25,-0.042765951010000004
75.3125,-0.02994995101
75.375,-0.006141951007
75.4375,0.02149004899
75.5,0.03787404899
75.5625,0.036866048990000004
75.625,0.03838604899
75.6875,0.04785804899
75.75,0.05656204899
75.8125,0.05733004899
75.875,0.05811404899
75.9375,0.07217804899
76.0,0.08958604899
76.0625,0.08958604899
76.125,0.07345804899
76.1875,0.06041804899
76.25,0.053746048989999996
76.3125,0.04505804899
76.375,0.03838604899
76.4375,0.03507404899
76.5,0.03736204899
76.5625,0.03584204899
76.625,0.026370048990000002
76.6875,0.01637004899
76.75,0.009218048993
76.8125,0.007666048993000001
76.875,0.009474048993
76.9375,0.01278604899
77.0,0.01971404899
77.0625,0.03941004899
77.125,0.06321804899
77.1875,0.07705804899
77.25,0.09035404898999999
77.3125,0.09139404899
77.375,0.09139404899
77.4375,0.07680204899
77.5,0.04811404899
77.5625,0.02353804899
77.625,0.006642048993
77.6875,-0.006397951006999999
77.75,-0.02994995101
77.8125,-0.056829951010000004
77.875,-0.07986995101
77.9375,-0.09599795101
78.0,-0.10830195100000001
78.0625,-0.12570995100000001
78.125,-0.141581951
78.1875,-0.15002995100000002
78.25,-0.145149951
78.3125,-0.122637951
78.375,-0.09473395101
78.4375,-0.05121395101
78.5,0.0015380489930000001
78.5625,0.053746048989999996
78.625,0.08088204899
78.6875,0.07475404899
78.75,0.059138048990000004
78.8125,0.04173004899
78.875,0.02509004899
78.9375,0.01101004899
79.0,0.008434048993
79.0625,0.01869004899
79.125,0.03045004899
79.1875,0.03430604899
79.25,0.033266048990000005
79.3125,0.04043404899
79.375,0.04837004899
79.4375,0.04326604899
79.5,0.02560204899
79.5625,0.0030740489929999997
79.625,-0.01076595101
79.6875,-0.02689395101
79.75,-0.04353395101
79.8125,-0.05631795101
79.875,-0.06042995101
79.9375,-0.05274995101
80.0,-0.04174195101
80.0625,-0.033037951010000004
80.125,-0.03071795101
80.1875,-0.018957951009999998
80.25,0.005618048993
80.3125,0.01229004899
80.375,-0.000269951007
80.4375,-0.005885951007
80.5,0.01203404899
80.5625,0.03275404899
80.625,0.033266048990000005
80.6875,0.03173004899
80.75,0.05222604899
80.8125,0.08422604899
80.875,0.08805004898999999
80.9375,0.07424204899
81.0,0.07629004899
81.0625,0.102658049
81.125,0.104434049
81.1875,0.059138048990000004
81.25,0.029170048990000003
81.3125,0.02893004899
81.375,0.03430604899
81.4375,0.007666048993000001
81.5,-0.02150195101
81.5625,-0.027661951009999998
81.625,-0.01870195101
81.6875,-0.014077951009999999
81.75,-0.02817395101
81.8125,-0.03431795101
81.875,-0.02226995101
81.9375,-0.007165951007000001
82.0,-0.01025395101
82.0625,-0.020221951010000003
82.125,-0.01076595101
82.1875,0.01432204899
82.25,0.03761804899
82.3125,0.05017804899
82.375,0.06603404899
82.4375,0.09701004899
82.5,0.130546049
82.5625,0.13643404899999997
82.625,0.105714049
82.6875,0.08473804899
82.75,0.09880204899
82.8125,0.109314049
82.875,0.06681804898999999
82.9375,0.01920204899
83.0,-0.001293951007
83.0625,-0.01535795101
83.125,-0.04812595101
83.1875,-0.08244595101
83.25,-0.10138995099999999
83.3125,-0.109325951
83.375,-0.11674995099999999
83.4375,-0.13006195099999998
83.5,-0.142349951
83.5625,-0.147213951
83.625,-0.140301951
83.6875,-0.130045951
83.75,-0.127997951
83.8125,-0.13134195099999998
83.875,-0.124429951
83.9375,-0.09753395101
84.0,-0.05580595101
84.0625,-0.03482995101
84.125,-0.026637951009999997
84.1875,-0.009485951007
84.25,0.009986048993
84.3125,0.005874048993
84.375,-0.02124595101
84.4375,-0.03993395101
84.5,-0.03890995101
84.5625,-0.03329395101
84.625,-0.03174195101
84.6875,-0.03431795101
84.75,-0.02535795101
84.8125,-0.004605951007
84.875,0.01662604899
84.9375,0.03070604899
85.0,0.05477004899
85.0625,0.10009804900000001
85.125,0.142850049
85.1875,0.159234049
85.25,0.15795404899999999
85.3125,0.162802049
85.375,0.177138049
85.4375,0.192258049
85.5,0.18840204900000002
85.5625,0.15795404899999999
85.625,0.133890049
85.6875,0.127986049
85.75,0.129522049
85.8125,0.124674049
85.875,0.100354049
85.9375,0.07857804899
86.0,0.08011404899
86.0625,0.09395404899000001
86.125,0.07782604899000001
86.1875,0.03813004899
86.25,0.03249804899
86.3125,0.05758604899
86.375,0.06424204899
86.4375,0.03761804899
86.5,0.01920204899
86.5625,0.01792204899
86.625,0.004354048993
86.6875,-0.03431795101
86.75,-0.07348595101
86.8125,-0.09394995101
86.875,-0.10367795099999999
86.9375,-0.11623795099999999
87.0,-0.131853951
87.0625,-0.14746995100000002
87.125,-0.165133951
87.1875,-0.186621951
87.25,-0.21505395100000002
87.3125,-0.23988595100000001
87.375,-0.254221951
87.4375,-0.252669951
87.5,-0.24116595100000002
87.5625,-0.221709951
87.625,-0.198157951
87.6875,-0.17842995099999998
87.75,-0.155133951
87.8125,-0.132877951
87.875,-0.105213951
87.9375,-0.07374195101
88.0,-0.04148595101
88.0625,-0.011021951010000001
88.125,0.02379404899
88.1875,0.05120204899
88.25,0.06321804899
88.3125,0.06501004899
88.375,0.07217804899
88.4375,0.08448204898999999
88.5,0.07424204899
88.5625,0.033778048990000004
88.625,0.005362048993
88.6875,0.001282048993
88.75,0.005618048993
88.8125,0.008178048993
88.875,0.01483404899
88.9375,0.03096204899
89.0,0.05758604899
89.0625,0.07909004899
89.125,0.07782604899000001
89.1875,0.07192204898999999
89.25,0.06937804899
89.3125,0.06373004899
89.375,0.05248204899
89.4375,0.04734604899
89.5,0.05733004899
89.5625,0.06809804898999999
89.625,0.07115404899000001
89.6875,0.07166604899
89.75,0.08753804898999999
89.8125,0.112114049
89.875,0.120306049
89.9375,0.127474049
90.0,0.130802049
90.0625,0.122610049
90.125,0.08473804899
90.1875,0.038898048989999996
90.25,0.020482048989999998
90.3125,0.01637004899
90.375,0.0015380489930000001
90.4375,-0.026637951009999997
90.5,-0.04071795101
90.5625,-0.03226995101
90.625,-0.02329395101
90.6875,-0.02561395101
90.75,-0.02994995101
90.8125,-0.02484595101
90.875,-0.01767795101
90.9375,-0.02354995101
91.0,-0.03174195101
91.0625,-0.02791795101
91.125,-0.01484595101
91.1875,-0.009997951007
91.25,-0.02380595101
91.3125,-0.05298995101
91.375,-0.08089395100999999
91.4375,-0.09370995101
91.5,-0.10290995100000001
91.5625,-0.114701951
91.625,-0.130573951
91.6875,-0.138749951
91.75,-0.139789951
91.8125,-0.138493951
91.875,-0.129021951
91.9375,-0.122893951
92.0,-0.113661951
92.0625,-0.09753395101
92.125,-0.08218995101
92.1875,-0.06913395101
92.25,-0.052237951010000006
92.3125,-0.019213951009999997
92.375,0.02353804899
92.4375,0.05094604899
92.5,0.06475404899000001
92.5625,0.07934604899
92.625,0.103922049
92.6875,0.12926604900000002
92.75,0.141570049
92.8125,0.127986049
92.875,0.107010049
92.9375,0.09369804899
93.0,0.09521804899
93.0625,0.09035404898999999
93.125,0.06501004899
93.1875,0.028162048989999997
93.25,0.0030740489929999997
93.3125,-0.008973951007
93.375,-0.02586995101
93.4375,-0.05350195101
93.5,-0.07039795101
93.5625,-0.07807795101000001
93.625,-0.08038195101
93.6875,-0.08140595100999999
93.75,-0.08114995101
93.8125,-0.07399795101
93.875,-0.04967795101
93.9375,-0.014077951009999999
94.0,0.02688204899
94.0625,0.05325004899000001
94.125,0.08779404899
94.1875,0.133890049
94.25,0.192258049
94.3125,0.235250049
94.375,0.224258049
94.4375,0.200962049
94.5,0.179954049
94.5625,0.159490049
94.625,0.132098049
94.6875,0.09547404899
94.75,0.06373004899
94.8125,0.044290048990000004
94.875,0.03761804899
94.9375,0.03198604899
95.0,0.01278604899
95.0625,-0.008205951006999999
95.125,-0.02278195101
95.1875,-0.035597951010000004
95.25,-0.05529395101
95.3125,-0.07935795101
95.375,-0.09727795101
95.4375,-0.10418995099999999
95.5,-0.107277951
95.5625,-0.109325951
95.625,-0.113917951
95.6875,-0.117773951
95.75,-0.107277951
95.8125,-0.08729395101
95.875,-0.07218995101
95.9375,-0.06529395101
96.0,-0.059661951010000006
96.0625,-0.05426995101
96.125,-0.05375795101
96.1875,-0.05863795101
96.25,-0.06503795101
96.3125,-0.06169395101
96.375,-0.04812595101
96.4375,-0.03788595101
96.5,-0.035597951010000004
96.5625,-0.02561395101
96.625,-0.000781951007
96.6875,0.034562048990000004
96.75,0.05811404899
96.8125,0.05017804899
96.875,0.041986048990000004
96.9375,0.04249804899
97.0,0.03712204899
97.0625,0.02200204899
97.125,0.02353804899
97.1875,0.040946048990000004
97.25,0.05888204899
97.3125,0.06989004899
97.375,0.06910604899
97.4375,0.07909004899
97.5,0.101122049
97.5625,0.103154049
97.625,0.09113804899
97.6875,0.09521804899
97.75,0.09958604899
97.8125,0.07345804899
97.875,0.04505804899
97.9375,0.033266048990000005
98.0,0.04173004899
98.0625,0.05017804899
98.125,0.04760204899
98.1875,0.056050048990000004
98.25,0.07705804899
98.3125,0.102658049
98.375,0.110338049
98.4375,0.09521804899
98.5,0.08190604899000001
98.5625,0.07115404899000001
98.625,0.06270604899
98.6875,0.04069004899
98.75,-0.003597951007
98.8125,-0.037373951009999996
98.875,-0.060941951009999995
98.9375,-0.07476595101
99.0,-0.08423795101
99.0625,-0.08806195101
99.125,-0.09166195100999999
99.1875,-0.09063795101
99.25,-0.08908595101
99.3125,-0.108557951
99.375,-0.130829951
99.4375,-0.13798195100000002
99.5,-0.126717951
99.5625,-0.104957951
99.625,-0.09268595101
99.6875,-0.09522995101
99.75,-0.09857395101000001
99.8125,-0.09702195101
99.875,-0.09678195101
99.9375,-0.10010995099999999
100.0,-0.10190195099999999
100.0625,-0.09319795101
100.125,-0.08012595100999999
100.1875,-0.06785395101
100.25,-0.062205951009999996
100.3125,-0.06118195101
100.375,-0.06169395101
100.4375,-0.057613951010000004
100.5,-0.03636595101
100.5625,-0.01305395101
100.625,0.01662604899
100.6875,0.07371404898999999
100.75,0.151298049
100.8125,0.20889804899999997
100.875,0.225778049
100.9375,0.19403404900000001
101.0,0.180210049
101.0625,0.174594049
101.125,0.166658049
101.1875,0.140546049
101.25,0.103666049
101.3125,0.06784204899
101.375,0.04249804899
101.4375,0.03019404899
101.5,0.02149004899
101.5625,0.0068980489929999994
101.625,-0.0028299510070000002
101.6875,0.005362048993
101.75,0.014578048989999998
101.8125,0.001026048993
101.875,-0.02484595101
101.9375,-0.04838195101
102.0,-0.06118195101
102.0625,-0.07244595101
102.125,-0.07884595101
102.1875,-0.07090995101
102.25,-0.051981951010000006
102.3125,-0.03046195101
102.375,-0.01458995101
102.4375,-0.000525951007
102.5,0.009730048993
102.5625,0.008434048993
102.625,-0.01050995101
102.6875,-0.03788595101
102.75,-0.06708595101
102.8125,-0.09522995101
102.875,-0.119037951
102.9375,-0.137213951
103.0,-0.141325951
103.0625,-0.131085951
103.125,-0.115725951
103.1875,-0.10290995100000001
103.25,-0.10010995099999999
103.3125,-0.09268595101
103.375,-0.08142195101000001
103.4375,-0.07502195100999999
103.5,-0.06476595100999999
103.5625,-0.05121395101
103.625,-0.04044595101
103.6875,-0.03046195101
103.75,-0.014077951009999999
103.8125,0.0033300489930000003
103.875,0.01715404899
103.9375,0.036866048990000004
104.0,0.05222604899
104.0625,0.05785804899
104.125,0.046322048989999996
104.1875,0.03045004899
104.25,0.01920204899
104.3125,0.0068980489929999994
104.375,-0.01025395101
104.4375,-0.01870195101
104.5,-0.006397951006999999
104.5625,0.01304204899
104.625,0.027906048989999998
104.6875,0.03966604899
104.75,0.06193804899
104.8125,0.09649804899
104.875,0.12901004900000002
104.9375,0.152306049
105.0,0.16229004900000002
105.0625,0.171250049
105.125,0.192514049
105.1875,0.221698049
105.25,0.235250049
105.3125,0.208130049
105.375,0.161522049
105.4375,0.11134604899999999
105.5,0.06270604899
105.5625,0.02277004899
105.625,-0.01228595101
105.6875,-0.037373951009999996
105.75,-0.05529395101
105.8125,-0.07348595101
105.875,-0.10342195100000001
105.9375,-0.135933951
106.0,-0.170749951
106.0625,-0.20402995100000001
106.125,-0.22478195099999998
106.1875,-0.247309951
106.25,-0.259325951
106.3125,-0.26034995099999997
106.375,-0.256269951
106.4375,-0.24910195100000002
106.5,-0.23398195100000002
106.5625,-0.20455795100000002
106.625,-0.179453951
106.6875,-0.151549951
106.75,-0.119805951
106.8125,-0.08908595101
106.875,-0.06476595100999999
106.9375,-0.035085951010000005
107.0,0.010754048989999999
107.0625,0.06656204899
107.125,0.123122049
107.1875,0.185330049
107.25,0.247298049
107.3125,0.28262604900000005
107.375,0.277490049
107.4375,0.261874049
107.5,0.23936204900000002
107.5625,0.219122049
107.625,0.211186049
107.6875,0.206850049
107.75,0.205042049
107.8125,0.196082049
107.875,0.186610049
107.9375,0.17561804900000003
108.0,0.16126604900000002
108.0625,0.13643404899999997
108.125,0.09470604899
108.1875,0.05707404899
108.25,0.029682048989999998
108.3125,0.004354048993
108.375,-0.03022195101
108.4375,-0.06529395101
108.5,-0.09471795101
108.5625,-0.11954995099999999
108.625,-0.157709951
108.6875,-0.198925951
108.75,-0.223245951
108.8125,-0.23500595100000002
108.875,-0.24140595099999998
108.9375,-0.237581951
109.0,-0.238093951
109.0625,-0.228877951
109.125,-0.216589951
109.1875,-0.193533951
109.25,-0.167933951
109.3125,-0.13567795100000002
109.375,-0.09319795101
109.4375,-0.04942195101
109.5,0.003570048993
109.5625,0.06321804899
109.625,0.11085004899999999
109.6875,0.158978049
109.75,0.210418049
109.8125,0.230402049
109.875,0.220658049
109.9375,0.210418049
110.0,0.20915404899999998
110.0625,0.212210049
110.125,0.199938049
110.1875,0.185586049
110.25,0.179186049
110.3125,0.17201804899999998
110.375,0.17688204899999999
110.4375,0.17433804900000002
110.5,0.148994049
110.5625,0.115970049
110.625,0.07808204899
110.6875,0.04683404899
110.75,0.03019404899
110.8125,0.01509004899
110.875,-0.009741951007
110.9375,-0.039677951010000004
111.0,-0.06452595101
111.0625,-0.08575795101
111.125,-0.10138995099999999
111.1875,-0.109069951
111.25,-0.107277951
111.3125,-0.105213951
111.375,-0.09370995101
111.4375,-0.08039795101
111.5,-0.07295795101000001
111.5625,-0.06118195101
111.625,-0.04993395101
111.6875,-0.04044595101
111.75,-0.04430195101
111.8125,-0.05350195101
111.875,-0.05863795101
111.9375,-0.06196595101
112.0,-0.06937395101
112.0625,-0.08218995101
112.125,-0.09345395101
112.1875,-0.10190195099999999
112.25,-0.107533951
112.3125,-0.11009395100000001
112.375,-0.115981951
112.4375,-0.122109951
112.5,-0.115725951
112.5625,-0.103933951
112.625,-0.08959795101
112.6875,-0.07116595101
112.75,-0.04225395101
112.8125,0.006130048993
112.875,0.06067404899
112.9375,0.12773004899999998
113.0,0.194802049
113.0625,0.23245004900000002
113.125,0.257026049
113.1875,0.27723404900000004
113.25,0.296706049
113.3125,0.30181004899999997
113.375,0.309490049
113.4375,0.30309004900000003
113.5,0.28542604899999996
113.5625,0.24909004899999998
113.625,0.205570049
113.6875,0.152306049
113.75,0.08805004898999999
113.8125,0.02611404899
113.875,-0.01228595101
113.9375,-0.035597951010000004
114.0,-0.06169395101
114.0625,-0.09319795101
114.125,-0.132109951
114.1875,-0.17100595100000002
114.25,-0.205069951
114.3125,-0.227325951
114.375,-0.24166195099999999
114.4375,-0.24959795099999998
114.5,-0.247821951
114.5625,-0.24910195100000002
114.625,-0.246285951
114.6875,-0.230413951
114.75,-0.208893951
114.8125,-0.182285951
114.875,-0.160509951
114.9375,-0.140045951
115.0,-0.127229951
115.0625,-0.122893951
115.125,-0.12134195099999999
115.1875,-0.114701951
115.25,-0.10290995100000001
115.3125,-0.08678195101
115.375,-0.06657395101000001
115.4375,-0.052237951010000006
115.5,-0.043021951010000004
115.5625,-0.03122995101
115.625,-0.003085951007
115.6875,0.03379404899
115.75,0.06630604898999999
115.8125,0.09803404899
115.875,0.131058049
115.9375,0.159490049
116.0,0.171506049
116.0625,0.167938049
116.125,0.153586049
116.1875,0.13977804900000002
116.25,0.14003404900000002
116.3125,0.146162049
116.375,0.13643404899999997
116.4375,0.11493004899999999
116.5,0.105714049
116.5625,0.101362049
116.625,0.06654604899000001
116.6875,0.02481804899
116.75,0.01355404899
116.8125,0.02688204899
116.875,0.027906048989999998
116.9375,0.01689804899
117.0,0.02149004899
117.0625,0.03761804899
117.125,0.038898048989999996
117.1875,0.01945804899
117.25,0.006642048993
117.3125,0.007154048993
117.375,0.008962048993
117.4375,-0.01153395101
117.5,-0.04660595101
117.5625,-0.07193395101
117.625,-0.08551795101000001
117.6875,-0.09831795101
117.75,-0.112125951
117.8125,-0.12082995099999999
117.875,-0.117261951
117.9375,-0.108557951
118.0,-0.09702195101
118.0625,-0.09038195100999999
118.125,-0.08754995101
118.1875,-0.08142195101000001
118.25,-0.057869951010000004
118.3125,-0.03252595101
118.375,-0.01818995101
118.4375,0.001282048993
118.5,0.033778048990000004
118.5625,0.05553804899
118.625,0.04606604899
118.6875,0.02481804899
118.75,0.01637004899
118.8125,0.01534604899
118.875,0.004850048993
118.9375,-0.01228595101
119.0,-0.011021951010000001
119.0625,-0.000525951007
119.125,-0.0025739510069999996
119.1875,-0.01972595101
119.25,-0.033037951010000004
119.3125,-0.02714995101
119.375,-0.009485951007
119.4375,0.005618048993
119.5,0.01329804899
119.5625,0.02509004899
119.625,0.041202048990000004
119.6875,0.04581004899
119.75,0.03558604899
119.8125,0.022258048989999998
119.875,0.02302604899
119.9375,0.02251404899
120.0,0.009474048993
120.0625,-0.004605951007
120.125,-0.01153395101
120.1875,-0.01305395101
120.25,-0.02329395101
120.3125,-0.039677951010000004
120.375,-0.05452595101
120.4375,-0.060941951009999995
120.5,-0.062205951009999996
120.5625,-0.06271795101
120.625,-0.06503795101
120.6875,-0.06887795101000001
120.75,-0.06734195101
120.8125,-0.05889395101
120.875,-0.04353395101
120.9375,-0.02124595101
121.0,-0.000781951007
121.0625,0.02277004899
121.125,0.03558604899
121.1875,0.03838604899
121.25,0.04657804899
121.3125,0.05758604899
121.375,0.06603404899
121.4375,0.07038604899
121.5,0.08345804898999999
121.5625,0.09624204899
121.625,0.107010049
121.6875,0.112882049
121.75,0.114162049
121.8125,0.120562049
121.875,0.122098049
121.9375,0.125186049
122.0,0.132082049
122.0625,0.140802049
122.125,0.14105804900000002
122.1875,0.125442049
122.25,0.102658049
122.3125,0.08216204899
122.375,0.05862604899
122.4375,0.01997004899
122.5,-0.020477951010000002
122.5625,-0.051981951010000006
122.625,-0.07476595101
122.6875,-0.09063795101
122.75,-0.109069951
122.8125,-0.121085951
122.875,-0.126477951
122.9375,-0.12314995100000001
123.0,-0.115213951
123.0625,-0.10546995099999999
123.125,-0.08831795101
123.1875,-0.08167795101
123.25,-0.06580595101
123.3125,-0.04890995101
123.375,-0.03022195101
123.4375,0.005618048993
123.5,0.04147404899
123.5625,0.06705804899000001
123.625,0.07909004899
123.6875,0.08881804899
123.75,0.08448204898999999
123.8125,0.06937804899
123.875,0.06169804899
123.9375,0.051714048990000004
124.0,0.03992204899
124.0625,0.027394048990000003
124.125,0.018946048990000002
124.1875,0.004594048993000001
124.25,-0.01690995101
124.3125,-0.04044595101
124.375,-0.060941951009999995
124.4375,-0.06887795101000001
124.5,-0.06988595101
124.5625,-0.06631795101
124.625,-0.059661951010000006
124.6875,-0.05324595101
124.75,-0.050189951010000004
124.8125,-0.057869951010000004
124.875,-0.06887795101000001
124.9375,-0.08346995101
125.0,-0.08754995101
125.0625,-0.08142195101000001
125.125,-0.06348595101
125.1875,-0.03814195101
125.25,-0.002317951007
125.3125,0.038898048989999996
125.375,0.07883404899
125.4375,0.12184204900000001
125.5,0.175106049
125.5625,0.260082049
125.625,0.341490049
125.6875,0.35864204899999996
125.75,0.33483404899999997
125.8125,0.29259404899999997
125.875,0.252658049
125.9375,0.212466049
126.0,0.16717004900000001
126.0625,0.112114049
126.125,0.05785804899
126.1875,0.01254604899
126.25,-0.02740595101
126.3125,-0.06042995101
126.375,-0.09038195100999999
126.4375,-0.12494195100000001
126.5,-0.163069951
126.5625,-0.195581951
126.625,-0.22119795099999998
126.6875,-0.246541951
126.75,-0.26369395100000004
126.8125,-0.280589951
126.875,-0.29722995100000005
126.9375,-0.304141951
127.0,-0.30465395100000003
127.0625,-0.299261951
127.125,-0.292093951
127.1875,-0.280077951
127.25,-0.26369395100000004
127.3125,-0.243213951
127.375,-0.209917951
127.4375,-0.16178995100000002
127.5,-0.104445951
127.5625,-0.050189951010000004
127.625,-0.000781951007
127.6875,0.05325004899000001
127.75,0.11673804900000001
127.8125,0.179442049
127.875,0.242674049
127.9375,0.322562049
128.0,0.369154049
128.0625,0.400114049
128.125,0.42264204899999996
128.1875,0.402178049
128.25,0.350450049
128.3125,0.286962049
128.375,0.239874049
128.4375,0.191490049
128.5,0.132354049
128.5625,0.06784204899
128.625,0.007154048993
128.6875,-0.03762995101
128.75,-0.07193395101
128.8125,-0.10010995099999999
128.875,-0.127229951
128.9375,-0.152317951
129.0,-0.17970995099999998
129.0625,-0.20326195100000002
129.125,-0.21479795100000001
129.1875,-0.222221951
129.25,-0.232717951
129.3125,-0.247565951
129.375,-0.262157951
129.4375,-0.27622195099999997
129.5,-0.27828595100000003
129.5625,-0.26905395099999996
129.625,-0.24602995100000002
129.6875,-0.213261951
129.75,-0.173069951
129.8125,-0.131597951
129.875,-0.09420595101000001
129.9375,-0.05452595101
130.0,-0.011789951009999999
130.0625,0.02585804899
130.125,0.05785804899
130.1875,0.08576204898999999
130.25,0.114162049
130.3125,0.142594049
130.375,0.16843404899999997
130.4375,0.19659404900000002
130.5,0.229106049
130.5625,0.260594049
130.625,0.25779404899999997
130.6875,0.247554049
130.75,0.232706049
130.8125,0.213234049
130.875,0.198130049
130.9375,0.180994049
131.0,0.156930049
131.0625,0.130802049
131.125,0.119794049
131.1875,0.11134604899999999
131.25,0.08856204898999999
131.3125,0.05630604899
131.375,0.02328204899
131.4375,-0.009485951007
131.5,-0.05095795101
131.5625,-0.09575795101
131.625,-0.13134195099999998
131.6875,-0.147213951
131.75,-0.14540595099999998
131.8125,-0.142605951
131.875,-0.139789951
131.9375,-0.130829951
132.0,-0.117261951
132.0625,-0.108557951
132.125,-0.10265395100000001
132.1875,-0.10342195100000001
132.25,-0.109581951
132.3125,-0.111101951
132.375,-0.112893951
132.4375,-0.116493951
132.5,-0.115213951
132.5625,-0.09985395101
132.625,-0.07527795101
132.6875,-0.05631795101
132.75,-0.051981951010000006
132.8125,-0.05889395101
132.875,-0.060941951009999995
132.9375,-0.06962995101
133.0,-0.07986995101
133.0625,-0.08038195101
133.125,-0.07142195101
133.1875,-0.05350195101
133.25,-0.02433395101
133.3125,0.004354048993
133.375,0.01203404899
133.4375,0.008962048993
133.5,0.01024204899
133.5625,0.02534604899
133.625,0.048626048990000004
133.6875,0.07629004899
133.75,0.118786049
133.8125,0.163058049
133.875,0.20273804899999998
133.9375,0.22987404900000002
134.0,0.24089804899999998
134.0625,0.244978049
134.125,0.244978049
134.1875,0.241922049
134.25,0.233218049
134.3125,0.205570049
134.375,0.156162049
134.4375,0.10240204900000001
134.5,0.056050048990000004
134.5625,0.007154048993
134.625,-0.035341951010000004
134.6875,-0.06631795101
134.75,-0.08908595101
134.8125,-0.103165951
134.875,-0.115981951
134.9375,-0.122637951
135.0,-0.124173951
135.0625,-0.114189951
135.125,-0.09934195101
135.1875,-0.07961395100999999
135.25,-0.05631795101
135.3125,-0.02841395101
135.375,0.008178048993
135.4375,0.03609804899
135.5,0.06016204899
135.5625,0.08113804899
135.625,0.109314049
135.6875,0.14336204900000002
135.75,0.159234049
135.8125,0.15537804900000002
135.875,0.130546049
135.9375,0.110594049
136.0,0.105714049
136.0625,0.09933004898999999
136.125,0.07552204899
136.1875,0.04505804899
136.25,0.01971404899
136.3125,0.002306048993
136.375,-0.01716595101
136.4375,-0.04838195101
136.5,-0.07295795101000001
136.5625,-0.09394995101
136.625,-0.11929395100000001
136.6875,-0.141581951
136.75,-0.160765951
136.8125,-0.170749951
136.875,-0.177149951
136.9375,-0.177149951
137.0,-0.169213951
137.0625,-0.155133951
137.125,-0.130301951
137.1875,-0.10290995100000001
137.25,-0.07399795101
137.3125,-0.04967795101
137.375,-0.03329395101
137.4375,-0.01305395101
137.5,0.018946048990000002
137.5625,0.05197004899
137.625,0.08113804899
137.6875,0.102146049
137.75,0.122866049
137.8125,0.153842049
137.875,0.180994049
137.9375,0.185074049
138.0,0.175106049
138.0625,0.158466049
138.125,0.144626049
138.1875,0.132354049
138.25,0.121586049
138.3125,0.110338049
138.375,0.09598604899
138.4375,0.07629004899
138.5,0.059394048990000003
138.5625,0.048626048990000004
138.625,0.02662604899
138.6875,0.005106048993
138.75,-0.007949951007
138.8125,-0.019213951009999997
138.875,-0.03354995101
138.9375,-0.04967795101
139.0,-0.06143795101
139.0625,-0.06529395101
139.125,-0.06734195101
139.1875,-0.06962995101
139.25,-0.07348595101
139.3125,-0.07527795101
139.375,-0.06425395100999999
139.4375,-0.03762995101
139.5,-0.01228595101
139.5625,0.01560204899
139.625,0.05222604899
139.6875,0.09470604899
139.75,0.130034049
139.8125,0.133378049
139.875,0.14361804900000003
139.9375,0.160754049
140.0,0.175874049
140.0625,0.157186049
140.125,0.11262604899999999
140.1875,0.06758604899
140.25,0.02509004899
140.3125,-0.000781951007
140.375,-0.02689395101
140.4375,-0.051981951010000006
140.5,-0.07321395101
140.5625,-0.09063795101
140.625,-0.108045951
140.6875,-0.122893951
140.75,-0.13798195100000002
140.8125,-0.153085951
140.875,-0.159245951
140.9375,-0.160253951
141.0,-0.15745395099999998
141.0625,-0.147213951
141.125,-0.13670195100000002
141.1875,-0.121597951
141.25,-0.114701951
141.3125,-0.118285951
141.375,-0.129277951
141.4375,-0.138749951
141.5,-0.144637951
141.5625,-0.152061951
141.625,-0.158221951
141.6875,-0.164621951
141.75,-0.16564595099999999
141.8125,-0.160765951
141.875,-0.149005951
141.9375,-0.13006195099999998
142.0,-0.104445951
142.0625,-0.06529395101
142.125,-0.01665395101
142.1875,0.02867404899
142.25,0.06989004899
142.3125,0.110082049
142.375,0.149506049
142.4375,0.174594049
142.5,0.187122049
142.5625,0.190978049
142.625,0.195826049
142.6875,0.19659404900000002
142.75,0.191746049
142.8125,0.182018049
142.875,0.170482049
142.9375,0.172802049
143.0,0.18406604899999998
143.0625,0.198658049
143.125,0.203506049
143.1875,0.195826049
143.25,0.194546049
143.3125,0.198658049
143.375,0.197890049
143.4375,0.184578049
143.5,0.154866049
143.5625,0.11365004899999999
143.625,0.07857804899
143.6875,0.05325004899000001
143.75,0.01920204899
143.8125,-0.02689395101
143.875,-0.060173951010000004
143.9375,-0.08372595101000001
144.0,-0.10367795099999999
144.0625,-0.124173951
144.125,-0.149517951
144.1875,-0.169213951
144.25,-0.185085951
144.3125,-0.20686195100000002
144.375,-0.240653951
144.4375,-0.27393395099999995
144.5,-0.299261951
144.5625,-0.30847795100000003
144.625,-0.31130995100000003
144.6875,-0.308749951
144.75,-0.296973951
144.8125,-0.29518195100000005
144.875,-0.289805951
144.9375,-0.279821951
145.0,-0.268541951
145.0625,-0.251133951
145.125,-0.22273395099999999
145.1875,-0.18559795099999998
145.25,-0.146957951
145.3125,-0.10290995100000001
145.375,-0.05529395101
145.4375,0.002050048993
145.5,0.07985804899
145.5625,0.162802049
145.625,0.235250049
145.6875,0.304386049
145.75,0.366578049
145.8125,0.360178049
145.875,0.339970049
145.9375,0.310514049
146.0,0.275954049
146.0625,0.239874049
146.125,0.212722049
146.1875,0.191490049
146.25,0.16971404899999998
146.3125,0.14590604899999998
146.375,0.120306049
146.4375,0.09829004899
146.5,0.07883404899
146.5625,0.06193804899
146.625,0.04352204899
146.6875,0.02200204899
146.75,0.002306048993
146.8125,-0.01614195101
146.875,-0.029437951009999998
146.9375,-0.04071795101
147.0,-0.04812595101
147.0625,-0.05554995101
147.125,-0.06298995101
147.1875,-0.06887795101000001
147.25,-0.06862195101
147.3125,-0.06169395101
147.375,-0.05863795101
147.4375,-0.06143795101
147.5,-0.07833395101000001
147.5625,-0.10342195100000001
147.625,-0.125965951
147.6875,-0.138493951
147.75,-0.142349951
147.8125,-0.14055795100000001
147.875,-0.137469951
147.9375,-0.13670195100000002
148.0,-0.134157951
148.0625,-0.123917951
148.125,-0.109837951
148.1875,-0.09420595101000001
148.25,-0.08754995101
148.3125,-0.08140595100999999
148.375,-0.07450995100999999
148.4375,-0.06836595101000001
148.5,-0.06862195101
148.5625,-0.07527795101
148.625,-0.07884595101
148.6875,-0.07502195100999999
148.75,-0.06450995101
148.8125,-0.05121395101
148.875,-0.02969395101
148.9375,-0.0025739510069999996
149.0,0.01893004899
149.0625,0.03761804899
149.125,0.05272204899
149.1875,0.07371404898999999
149.25,0.09649804899
149.3125,0.118274049
149.375,0.13414604900000002
149.4375,0.13184204900000002
149.5,0.13157004900000002
149.5625,0.13977804900000002
149.625,0.163058049
149.6875,0.185330049
149.75,0.201202049
149.8125,0.205314049
149.875,0.219122049
149.9375,0.247810049
150.0,0.267762049
150.0625,0.260338049
150.125,0.246530049
150.1875,0.224514049
150.25,0.192514049
150.3125,0.164610049
150.375,0.130802049
150.4375,0.09470604899
150.5,0.05579404899
150.5625,0.01406604899
150.625,-0.02510195101
150.6875,-0.056573951010000005
150.75,-0.09166195100999999
150.8125,-0.130045951
150.875,-0.160509951
150.9375,-0.175629951
151.0,-0.18177395100000002
151.0625,-0.185341951
151.125,-0.185853951
151.1875,-0.181005951
151.25,-0.169213951
151.3125,-0.154365951
151.375,-0.134669951
151.4375,-0.109069951
151.5,-0.08063795101
151.5625,-0.043021951010000004
151.625,0.005362048993
151.6875,0.04275404899
151.75,0.07883404899
151.8125,0.119282049
151.875,0.149506049
151.9375,0.162034049
152.0,0.147442049
152.0625,0.126210049
152.125,0.105202049
152.1875,0.08805004898999999
152.25,0.06937804899
152.3125,0.036610048990000005
152.375,0.003842048993
152.4375,-0.01382195101
152.5,-0.02740595101
152.5625,-0.05350195101
152.625,-0.08551795101000001
152.6875,-0.11009395100000001
152.75,-0.12134195099999999
152.8125,-0.129021951
152.875,-0.138493951
152.9375,-0.144637951
153.0,-0.152317951
153.0625,-0.155133951
153.125,-0.149005951
153.1875,-0.138493951
153.25,-0.119805951
153.3125,-0.09625395100999999
153.375,-0.06143795101
153.4375,-0.018957951009999998
153.5,0.01843404899
153.5625,0.04581004899
153.625,0.08139404899
153.6875,0.127234049
153.75,0.17408204900000002
153.8125,0.211954049
153.875,0.232706049
153.9375,0.245490049
154.0,0.268530049
154.0625,0.260594049
154.125,0.24115404899999998
154.1875,0.217586049
154.25,0.197890049
154.3125,0.171250049
154.375,0.14488204899999998
154.4375,0.12773004899999998
154.5,0.118530049
154.5625,0.11313804899999999
154.625,0.104946049
154.6875,0.09139404899
154.75,0.07217804899
154.8125,0.05222604899
154.875,0.03198604899
154.9375,0.0015380489930000001
155.0,-0.02638195101
155.0625,-0.051981951010000006
155.125,-0.07193395101
155.1875,-0.09063795101
155.25,-0.111357951
155.3125,-0.132109951
155.375,-0.151805951
155.4375,-0.167181951
155.5,-0.171517951
155.5625,-0.17100595100000002
155.625,-0.17126195100000002
155.6875,-0.17255795100000001
155.75,-0.168189951
155.8125,-0.160509951
155.875,-0.153341951
155.9375,-0.151805951
156.0,-0.15002995100000002
156.0625,-0.15105395100000002
156.125,-0.154621951
156.1875,-0.155661951
156.25,-0.148237951
156.3125,-0.133133951
156.375,-0.11009395100000001
156.4375,-0.07986995101
156.5,-0.05554995101
156.5625,-0.03482995101
156.625,-0.019213951009999997
156.6875,-0.003597951007
156.75,0.01177804899
156.8125,0.01585804899
156.875,0.018946048990000002
156.9375,0.02713804899
157.0,0.04352204899
157.0625,0.05528204899
157.125,0.059394048990000003
157.1875,0.06603404899
157.25,0.07934604899
157.3125,0.09521804899
157.375,0.108034049
157.4375,0.12901004900000002
157.5,0.159490049
157.5625,0.187890049
157.625,0.206850049
157.6875,0.21478604899999998
157.75,0.222978049
157.8125,0.22987404900000002
157.875,0.235250049
157.9375,0.213490049
158.0,0.179186049
158.0625,0.16485004900000003
158.125,0.169458049
158.1875,0.16101004900000002
158.25,0.09318604899
158.3125,0.03712204899
158.375,0.01329804899
158.4375,-0.000525951007
158.5,-0.045053951009999996
158.5625,-0.09678195101
158.625,-0.120573951
158.6875,-0.120573951
158.75,-0.111869951
158.8125,-0.115725951
158.875,-0.122109951
158.9375,-0.117773951
159.0,-0.09959795101
159.0625,-0.07937395101
159.125,-0.07756595101000001
159.1875,-0.08114995101
159.25,-0.07986995101
159.3125,-0.07732595100999999
159.375,-0.08908595101
159.4375,-0.113149951
159.5,-0.13364595099999999
159.5625,-0.145149951
159.625,-0.14772595100000002
159.6875,-0.14874995100000002
159.75,-0.15105395100000002
159.8125,-0.147981951
159.875,-0.137725951
159.9375,-0.13695795100000002
160.0,-0.14772595100000002
160.0625,-0.150541951
160.125,-0.14746995100000002
160.1875,-0.140301951
160.25,-0.126973951
160.3125,-0.119805951
160.375,-0.117517951
160.4375,-0.111101951
160.5,-0.08526195101
160.5625,-0.056573951010000005
160.625,-0.043021951010000004
160.6875,-0.03814195101
160.75,-0.02586995101
160.8125,-0.004861951007
160.875,0.01152204899
160.9375,0.02022604899
161.0,0.02713804899
161.0625,0.04581004899
161.125,0.06501004899
161.1875,0.06733004898999999
161.25,0.06219404899
161.3125,0.06963404899
161.375,0.09649804899
161.4375,0.122866049
161.5,0.148226049
161.5625,0.17790604899999998
161.625,0.212978049
161.6875,0.24089804899999998
161.75,0.26393804899999995
161.8125,0.33945804900000004
161.875,0.366066049
161.9375,0.309490049
162.0,0.24421004899999998
162.0625,0.160498049
162.125,0.07629004899
162.1875,-0.003837951007
162.25,-0.07450995100999999
162.3125,-0.13695795100000002
162.375,-0.18559795099999998
162.4375,-0.226301951
162.5,-0.258045951
162.5625,-0.279821951
162.625,-0.294413951
162.6875,-0.29825395099999996
162.75,-0.29286195099999995
162.8125,-0.274941951
162.875,-0.247821951
162.9375,-0.220669951
163.0,-0.197133951
163.0625,-0.168445951
163.125,-0.132109951
163.1875,-0.09038195100999999
163.25,-0.04097395101
163.3125,0.001282048993
163.375,0.04709004899
163.4375,0.107778049
163.5,0.171506049
163.5625,0.22757004900000002
163.625,0.272642049
163.6875,0.303346049
163.75,0.31896204899999997
163.8125,0.32128204899999996
163.875,0.296194049
163.9375,0.262386049
164.0,0.223234049
164.0625,0.183554049
164.125,0.150018049
164.1875,0.118530049
164.25,0.08473804899
164.3125,0.04224204899
164.375,-0.004605951007
164.4375,-0.04404595101
164.5,-0.07681395100999999
164.5625,-0.10265395100000001
164.625,-0.119037951
164.6875,-0.124429951
164.75,-0.122365951
164.8125,-0.12134195099999999
164.875,-0.12134195099999999
164.9375,-0.12314995100000001
165.0,-0.124429951
165.0625,-0.131085951
165.125,-0.129021951
165.1875,-0.117773951
165.25,-0.101133951
165.3125,-0.08780595101000001
165.375,-0.08012595100999999
165.4375,-0.07374195101
165.5,-0.06348595101
165.5625,-0.04556595101
165.625,-0.023037951010000002
165.6875,0.000770048993
165.75,0.01406604899
165.8125,0.01662604899
165.875,0.02149004899
165.9375,0.03275404899
166.0,0.04913804899
166.0625,0.06501004899
166.125,0.08139404899
166.1875,0.09624204899
166.25,0.104178049
166.3125,0.103922049
166.375,0.09624204899
166.4375,0.08753804898999999
166.5,0.07934604899
166.5625,0.07449804899
166.625,0.07064204899000001
166.6875,0.07294604899
166.75,0.07680204899
166.8125,0.07960204899
166.875,0.08446604899
166.9375,0.08958604899
167.0,0.09958604899
167.0625,0.109826049
167.125,0.11904204900000001
167.1875,0.12773004899999998
167.25,0.13517004900000001
167.3125,0.14208204900000002
167.375,0.145394049
167.4375,0.150274049
167.5,0.154610049
167.5625,0.151810049
167.625,0.14336204900000002
167.6875,0.131058049
167.75,0.112370049
167.8125,0.09190604899
167.875,0.06654604899000001
167.9375,0.02867404899
168.0,-0.011789951009999999
168.0625,-0.05274995101
168.125,-0.08959795101
168.1875,-0.120573951
168.25,-0.152061951
168.3125,-0.183821951
168.375,-0.211453951
168.4375,-0.232205951
168.5,-0.24242995099999998
168.5625,-0.243965951
168.625,-0.240141951
168.6875,-0.23066995099999998
168.75,-0.215821951
168.8125,-0.20070195100000002
168.875,-0.180493951
168.9375,-0.15617395099999998
169.0,-0.127741951
169.0625,-0.09857395101000001
169.125,-0.07193395101
169.1875,-0.05146995101
169.25,-0.02201395101
169.3125,0.018946048990000002
169.375,0.06501004899
169.4375,0.103922049
169.5,0.132610049
169.5625,0.17408204900000002
169.625,0.20401804899999998
169.6875,0.230146049
169.75,0.245490049
169.8125,0.261874049
169.875,0.285170049
169.9375,0.277490049
170.0,0.26136204900000004
170.0625,0.239618049
170.125,0.210418049
170.1875,0.177650049
170.25,0.14488204899999998
170.3125,0.11545804900000001
170.375,0.09369804899
170.4375,0.07475404899
170.5,0.05528204899
170.5625,0.03301004899
170.625,0.01126604899
170.6875,-0.007677951007
170.75,-0.02226995101
170.8125,-0.04071795101
170.875,-0.06374195101
170.9375,-0.08575795101
171.0,-0.10830195100000001
171.0625,-0.135933951
171.125,-0.16870195100000002
171.1875,-0.196109951
171.25,-0.21377395100000002
171.3125,-0.222989951
171.375,-0.225533951
171.4375,-0.228605951
171.5,-0.231181951
171.5625,-0.229645951
171.625,-0.22478195099999998
171.6875,-0.215565951
171.75,-0.200205951
171.8125,-0.177149951
171.875,-0.146173951
171.9375,-0.113149951
172.0,-0.08295795101
172.0625,-0.050445951010000004
172.125,-0.01665395101
172.1875,0.020482048989999998
172.25,0.05325004899000001
172.3125,0.07475404899
172.375,0.09190604899
172.4375,0.11185804899999999
172.5,0.137202049
172.5625,0.159490049
172.625,0.165634049
172.6875,0.165378049
172.75,0.167682049
172.8125,0.170226049
172.875,0.179698049
172.9375,0.181250049
173.0,0.178162049
173.0625,0.180722049
173.125,0.189698049
173.1875,0.197378049
173.25,0.200706049
173.3125,0.161522049
173.375,0.08062604899
173.4375,-0.001805951007
173.5,-0.07476595101
173.5625,-0.143101951
173.625,-0.192509951
173.6875,-0.232973951
173.75,-0.264973951
173.8125,-0.288781951
173.875,-0.30924595099999996
173.9375,-0.32820595100000005
174.0,-0.34022195099999997
174.0625,-0.337421951
174.125,-0.32383795099999996
174.1875,-0.30182195100000003
174.25,-0.27188595099999996
174.3125,-0.235517951
174.375,-0.196877951
174.4375,-0.153853951
174.5,-0.109069951
174.5625,-0.07833395101000001
174.625,-0.04174195101
174.6875,0.001282048993
174.75,0.040946048990000004
174.8125,0.07857804899
174.875,0.116994049
174.9375,0.157186049
175.0,0.190978049
175.0625,0.213234049
175.125,0.22040204900000002
175.1875,0.22629004900000002
175.25,0.226802049
175.3125,0.225778049
175.375,0.22757004900000002
175.4375,0.222466049
175.5,0.21504204899999999
175.5625,0.198658049
175.625,0.16869004899999998
175.6875,0.12901004900000002
175.75,0.08397004898999999
175.8125,0.041986048990000004
175.875,0.0068980489929999994
175.9375,-0.01972595101
176.0,-0.05529395101
176.0625,-0.09420595101000001
176.125,-0.125453951
176.1875,-0.146941951
176.25,-0.159997951
176.3125,-0.168189951
176.375,-0.173581951
176.4375,-0.178173951
176.5,-0.183821951
176.5625,-0.181261951
176.625,-0.167933951
176.6875,-0.14668595099999998
176.75,-0.124173951
176.8125,-0.09727795101
176.875,-0.06631795101
176.9375,-0.03865395101
177.0,-0.01716595101
177.0625,0.000242048993
177.125,0.01254604899
177.1875,0.02456204899
177.25,0.036866048990000004
177.3125,0.05069004899
177.375,0.06681804898999999
177.4375,0.08448204898999999
177.5,0.104946049
177.5625,0.116482049
177.625,0.113394049
177.6875,0.103410049
177.75,0.09470604899
177.8125,0.08371404899
177.875,0.06552204899
177.9375,0.05016204899
178.0,0.03992204899
178.0625,0.033266048990000005
178.125,0.02379404899
178.1875,0.01869004899
178.25,0.01843404899
178.3125,0.01741004899
178.375,0.01920204899
178.4375,0.02073804899
178.5,0.02560204899
178.5625,0.03096204899
178.625,0.036610048990000005
178.6875,0.04224204899
178.75,0.051458048990000005
178.8125,0.06321804899
178.875,0.06835404899
178.9375,0.06835404899
179.0,0.06245004899
179.0625,0.06067404899
179.125,0.05758604899
179.1875,0.04992204899
179.25,0.03609804899
179.3125,0.02560204899
179.375,0.01611404899
179.4375,0.002818048993
179.5,-0.005629951007
179.5625,-0.01228595101
179.625,-0.01561395101
179.6875,-0.01972595101
179.75,-0.026125951010000002
179.8125,-0.029709951010000003
179.875,-0.03354995101
179.9375,-0.03457395101
180.0,-0.03660595101
180.0625,-0.03865395101
180.125,-0.04430195101
180.1875,-0.05121395101
180.25,-0.056829951010000004
180.3125,-0.06682995101
180.375,-0.07425395101
180.4375,-0.07578995101
180.5,-0.06913395101
180.5625,-0.05735795101
180.625,-0.04018995101
180.6875,-0.019213951009999997
180.75,-0.001037951007
180.8125,0.01278604899
180.875,0.02277004899
180.9375,0.03405004899
181.0,0.04275404899
181.0625,0.051458048990000005
181.125,0.06041804899
181.1875,0.06681804898999999
181.25,0.07757004899
181.3125,0.09088204899
181.375,0.111602049
181.4375,0.134658049
181.5,0.162034049
181.5625,0.186866049
181.625,0.205314049
181.6875,0.215810049
181.75,0.19659404900000002
181.8125,0.166914049
181.875,0.13517004900000001
181.9375,0.109570049
182.0,0.08499404899
182.0625,0.061442048990000005
182.125,0.04275404899
182.1875,0.02456204899
182.25,0.005618048993
182.3125,-0.020221951010000003
182.375,-0.04530995101
182.4375,-0.06937395101
182.5,-0.08986995100999999
182.5625,-0.10546995099999999
182.625,-0.12185395099999999
182.6875,-0.13567795100000002
182.75,-0.145149951
182.8125,-0.15257395099999999
182.875,-0.154365951
182.9375,-0.155917951
183.0,-0.155917951
183.0625,-0.15617395099999998
183.125,-0.149005951
183.1875,-0.13567795100000002
183.25,-0.120061951
183.3125,-0.101133951
183.375,-0.08729395101
183.4375,-0.07681395100999999
183.5,-0.06657395101000001
183.5625,-0.05710195101
183.625,-0.045053951009999996
183.6875,-0.02817395101
183.75,-0.009741951007
183.8125,0.01689804899
183.875,0.04352204899
183.9375,0.07526604899
184.0,0.118786049
184.0625,0.165890049
184.125,0.20401804899999998
184.1875,0.204786049
184.25,0.199426049
184.3125,0.187378049
184.375,0.180210049
184.4375,0.177394049
184.5,0.17638604900000002
184.5625,0.174850049
184.625,0.158978049
184.6875,0.133890049
184.75,0.110594049
184.8125,0.08550604899
184.875,0.061186048990000005
184.9375,0.033266048990000005
185.0,-0.002317951007
185.0625,-0.04199795101
185.125,-0.08218995101
185.1875,-0.126717951
185.25,-0.166157951
185.3125,-0.192509951
185.375,-0.21479795100000001
185.4375,-0.232461951
185.5,-0.245261951
185.5625,-0.24935795100000002
185.625,-0.243453951
185.6875,-0.231693951
185.75,-0.217853951
185.8125,-0.20070195100000002
185.875,-0.177917951
185.9375,-0.162045951
186.0,-0.148493951
186.0625,-0.134669951
186.125,-0.11878195100000001
186.1875,-0.09753395101
186.25,-0.07374195101
186.3125,-0.05452595101
186.375,-0.042509951010000005
186.4375,-0.02994995101
186.5,-0.01305395101
186.5625,0.008962048993
186.625,0.02841804899
186.6875,0.04657804899
186.75,0.06193804899
186.8125,0.07320204898999999
186.875,0.08139404899
186.9375,0.09216204899000001
187.0,0.10469004900000001
187.0625,0.10648204900000001
187.125,0.104946049
187.1875,0.09701004899
187.25,0.09675404899000001
187.3125,0.09701004899
187.375,0.08601804899
187.4375,0.06373004899
187.5,0.04480204899
187.5625,0.029938048989999997
187.625,0.0068980489929999994
187.6875,-0.01484595101
187.75,-0.02714995101
187.8125,-0.02740595101
187.875,-0.02354995101
187.9375,-0.02586995101
188.0,-0.03022195101
188.0625,-0.020989951009999997
188.125,-0.004861951007
188.1875,0.01229004899
188.25,0.02560204899
188.3125,0.05325004899000001
188.375,0.10648204900000001
188.4375,0.17536204900000002
188.5,0.21504204899999999
188.5625,0.222722049
188.625,0.198402049
188.6875,0.151298049
188.75,0.08677004899
188.8125,0.03405004899
188.875,-0.01153395101
188.9375,-0.04762995101
189.0,-0.07833395101000001
189.0625,-0.108813951
189.125,-0.138493951
189.1875,-0.166157951
189.25,-0.17970995099999998
189.3125,-0.18202995100000002
189.375,-0.175117951
189.4375,-0.166157951
189.5,-0.162045951
189.5625,-0.159997951
189.625,-0.160269951
189.6875,-0.165389951
189.75,-0.169469951
189.8125,-0.172301951
189.875,-0.16767795100000002
189.9375,-0.157965951
190.0,-0.14286195100000001
190.0625,-0.124429951
190.125,-0.107533951
190.1875,-0.09702195101
190.25,-0.08652595101
190.3125,-0.07321395101
190.375,-0.06194995101
190.4375,-0.047101951010000004
190.5,-0.035085951010000005
190.5625,-0.02535795101
190.625,-0.01767795101
190.6875,-0.005885951007
190.75,0.008434048993
190.8125,0.02405004899
190.875,0.04377804899
190.9375,0.06449804899
191.0,0.08165004899
191.0625,0.08984204898999999
191.125,0.09318604899
191.1875,0.09241804899
191.25,0.09241804899
191.3125,0.09395404899000001
191.375,0.09675404899000001
191.4375,0.10648204900000001
191.5,0.11776204900000001
191.5625,0.132866049
191.625,0.148994049
191.6875,0.160498049
191.75,0.160002049
191.8125,0.155122049
191.875,0.159490049
191.9375,0.166402049
192.0,0.159234049
192.0625,0.13899404899999998
192.125,0.13361804900000002
192.1875,0.14361804900000003
192.25,0.147954049
192.3125,0.122610049
192.375,0.08881804899
192.4375,0.07909004899
192.5,0.09675404899000001
192.5625,0.112882049
192.625,0.07449804899
192.6875,0.03224204899
192.75,0.02379404899
192.8125,0.02200204899
192.875,-0.009229951007
192.9375,-0.05298995101
193.0,-0.07884595101
193.0625,-0.09012595101
193.125,-0.10598195099999999
193.1875,-0.130557951
193.25,-0.14874995100000002
193.3125,-0.157709951
193.375,-0.159245951
193.4375,-0.15642995099999998
193.5,-0.161533951
193.5625,-0.162813951
193.625,-0.15873395099999998
193.6875,-0.14566195099999998
193.75,-0.128765951
193.8125,-0.122109951
193.875,-0.119805951
193.9375,-0.10598195099999999
194.0,-0.07476595101
194.0625,-0.04327795101
194.125,-0.03148595101
194.1875,-0.02354995101
194.25,0.002306048993
194.3125,0.03813004899
194.375,0.04069004899
194.4375,0.01971404899
194.5,0.01741004899
194.5625,0.04531404899
194.625,0.05733004899
194.6875,0.03864204899
194.75,0.03736204899
194.8125,0.06656204899
194.875,0.101634049
194.9375,0.09470604899
195.0,0.07501004899
195.0625,0.07294604899
195.125,0.08241804899
195.1875,0.07526604899
195.25,0.05553804899
195.3125,0.04992204899
195.375,0.06193804899
195.4375,0.08473804899
195.5,0.09675404899000001
195.5625,0.09496204899
195.625,0.09547404899
195.6875,0.11725004900000001
195.75,0.159234049
195.8125,0.166386049
195.875,0.127234049
195.9375,0.107010049
196.0,0.123122049
196.0625,0.116994049
196.125,0.07960204899
196.1875,0.05990604899
196.25,0.07603404899
196.3125,0.09446604899000001
196.375,0.07424204899
196.4375,0.05094604899
196.5,0.04531404899
196.5625,0.05069004899
196.625,0.03736204899
196.6875,-0.000269951007
196.75,-0.02817395101
196.8125,-0.04353395101
196.875,-0.05503795101
196.9375,-0.08908595101
197.0,-0.127741951
197.0625,-0.15129395099999998
197.125,-0.157965951
197.1875,-0.165389951
197.25,-0.180237951
197.3125,-0.192509951
197.375,-0.196621951
197.4375,-0.19073395099999998
197.5,-0.17972595100000002
197.5625,-0.169725951
197.625,-0.15847795099999998
197.6875,-0.13670195100000002
197.75,-0.104957951
197.8125,-0.07655795101
197.875,-0.06962995101
197.9375,-0.07604595101
198.0,-0.06759795101
198.0625,-0.03865395101
198.125,0.002546048993
198.1875,0.01662604899
198.25,0.02200204899
198.3125,0.056050048990000004
198.375,0.112882049
198.4375,0.151810049
198.5,0.152050049
198.5625,0.16843404899999997
198.625,0.214530049
198.6875,0.263426049
198.75,0.272642049
198.8125,0.258306049
198.875,0.26393804899999995
198.9375,0.29030604899999995
199.0,0.307458049
199.0625,0.296706049
199.125,0.262914049
199.1875,0.203506049
199.25,0.104178049
199.3125,0.02149004899
199.375,-0.04174195101
199.4375,-0.08398195101
199.5,-0.10778995100000001
199.5625,-0.129021951
199.625,-0.148493951
199.6875,-0.16870195100000002
199.75,-0.188685951
199.8125,-0.20326195100000002
199.875,-0.20966195099999999
199.9375,-0.205325951
200.0,-0.187645951
200.0625,-0.165389951
200.125,-0.137725951
200.1875,-0.10778995100000001
200.25,-0.08193395101
200.3125,-0.06401395101
200.375,-0.05426995101
200.4375,-0.04993395101
200.5,-0.047101951010000004
200.5625,-0.047101951010000004
200.625,-0.04660595101
200.6875,-0.04735795101
200.75,-0.05274995101
200.8125,-0.060941951009999995
200.875,-0.07116595101
200.9375,-0.08526195101
201.0,-0.09319795101
201.0625,-0.09319795101
201.125,-0.08295795101
201.1875,-0.06476595100999999
201.25,-0.04404595101
201.3125,-0.02817395101
201.375,-0.01946995101
201.4375,-0.009997951007
201.5,-0.003597951007
201.5625,0.003842048993
201.625,0.009730048993
201.6875,0.02123404899
201.75,0.03736204899
201.8125,0.05094604899
201.875,0.06321804899
201.9375,0.06475404899000001
202.0,0.06912204898999999
202.0625,0.06475404899000001
202.125,0.05273804899
202.1875,0.03915404899
202.25,0.02481804899
202.3125,0.014578048989999998
202.375,-0.003837951007
202.4375,-0.02354995101
202.5,-0.03636595101
202.5625,-0.04735795101
202.625,-0.05426995101
202.6875,-0.052237951010000006
202.75,-0.04967795101
202.8125,-0.052493951010000005
202.875,-0.05503795101
202.9375,-0.04455795101
203.0,-0.023037951010000002
203.0625,-0.003341951007
203.125,0.01406604899
203.1875,0.03147404899
203.25,0.05043404899
203.3125,0.06270604899
203.375,0.06910604899
203.4375,0.08371404899
203.5,0.09139404899
203.5625,0.09701004899
203.625,0.09088204899
203.6875,0.07808204899
203.75,0.06067404899
203.8125,0.04531404899
203.875,0.02688204899
203.9375,0.002306048993
204.0,-0.03022195101
204.0625,-0.06554995101
204.125,-0.08780595101000001
204.1875,-0.107533951
204.25,-0.129021951
204.3125,-0.14438195099999998
204.375,-0.155917951
204.4375,-0.159741951
204.5,-0.163597951
204.5625,-0.162557951
204.625,-0.15642995099999998
204.6875,-0.14540595099999998
204.75,-0.12570995100000001
204.8125,-0.111613951
204.875,-0.09268595101
204.9375,-0.07090995101
205.0,-0.04556595101
205.0625,-0.019213951009999997
205.125,0.01101004899
205.1875,0.036866048990000004
205.25,0.048626048990000004
205.3125,0.05811404899
205.375,0.07141004899
205.4375,0.08984204898999999
205.5,0.101634049
205.5625,0.11365004899999999
205.625,0.13669004899999998
205.6875,0.160754049
205.75,0.172546049
205.8125,0.179186049
205.875,0.192258049
205.9375,0.210418049
206.0,0.21734604899999999
206.0625,0.204786049
206.125,0.165378049
206.1875,0.110338049
206.25,0.05811404899
206.3125,0.01534604899
206.375,-0.02817395101
206.4375,-0.07065395101
206.5,-0.105213951
206.5625,-0.12570995100000001
206.625,-0.134909951
206.6875,-0.137725951
206.75,-0.136189951
206.8125,-0.130301951
206.875,-0.11444595099999999
206.9375,-0.107277951
207.0,-0.101645951
207.0625,-0.09575795101
207.125,-0.08626995101
207.1875,-0.06887795101000001
207.25,-0.04404595101
207.3125,-0.020989951009999997
207.375,-0.008717951007
207.4375,-0.001549951007
207.5,-0.000781951007
207.5625,-0.005373951007
207.625,-0.01305395101
207.6875,-0.017421951010000002
207.75,-0.01588595101
207.8125,-0.016397951009999998
207.875,-0.016397951009999998
207.9375,-0.007421951007
208.0,0.014578048989999998
208.0625,0.04326604899
208.125,0.07577804899
208.1875,0.109570049
208.25,0.146930049
208.3125,0.18609804900000002
208.375,0.215298049
208.4375,0.237810049
208.5,0.252658049
208.5625,0.26624204900000004
208.625,0.27877004899999996
208.6875,0.294898049
208.75,0.290050049
208.8125,0.25419404900000003
208.875,0.209650049
208.9375,0.153842049
209.0,0.09521804899
209.0625,0.03301004899
209.125,-0.029437951009999998
209.1875,-0.08626995101
209.25,-0.126973951
209.3125,-0.155917951
209.375,-0.183821951
209.4375,-0.210941951
209.5,-0.24577395100000002
209.5625,-0.276733951
209.625,-0.299517951
209.6875,-0.317437951
209.75,-0.326669951
209.8125,-0.32562995100000003
209.875,-0.30847795100000003
209.9375,-0.285437951
210.0,-0.260605951
210.0625,-0.229901951
210.125,-0.194813951
210.1875,-0.154109951
210.25,-0.109325951
210.3125,-0.05503795101
210.375,0.009218048993
210.4375,0.06886604899
210.5,0.122354049
210.5625,0.168946049
210.625,0.190978049
210.6875,0.19403404900000001
210.75,0.19326604900000002
210.8125,0.189442049
210.875,0.191490049
210.9375,0.193778049
211.0,0.199938049
211.0625,0.212210049
211.125,0.225778049
211.1875,0.225026049
211.25,0.222978049
211.3125,0.21478604899999998
211.375,0.20761804900000003
211.4375,0.20401804899999998
211.5,0.194546049
211.5625,0.178162049
211.625,0.162034049
211.6875,0.142594049
211.75,0.124162049
211.8125,0.105970049
211.875,0.09395404899000001
211.9375,0.07501004899
212.0,0.05888204899
212.0625,0.053746048989999996
212.125,0.04709004899
212.1875,0.03045004899
212.25,0.01024204899
212.3125,-0.01305395101
212.375,-0.039677951010000004
212.4375,-0.07295795101000001
212.5,-0.108813951
212.5625,-0.133133951
212.625,-0.150797951
212.6875,-0.162317951
212.75,-0.175373951
212.8125,-0.18790195099999998
212.875,-0.195085951
212.9375,-0.207885951
213.0,-0.220941951
213.0625,-0.225805951
213.125,-0.218109951
213.1875,-0.203517951
213.25,-0.184061951
213.3125,-0.169469951
213.375,-0.15487795099999999
213.4375,-0.130829951
213.5,-0.103933951
213.5625,-0.07295795101000001
213.625,-0.04148595101
213.6875,-0.0025739510069999996
213.75,0.03405004899
213.8125,0.07089804899
213.875,0.09165004899
213.9375,0.10648204900000001
214.0,0.116226049
214.0625,0.114162049
214.125,0.111090049
214.1875,0.112882049
214.25,0.114674049
214.3125,0.109314049
214.375,0.103666049
214.4375,0.09803404899
214.5,0.09369804899
214.5625,0.07909004899
214.625,0.06016204899
214.6875,0.03582604899
214.75,0.009986048993
214.8125,-0.01254195101
214.875,-0.03046195101
214.9375,-0.04735795101
215.0,-0.06554995101
215.0625,-0.08244595101
215.125,-0.10214195100000001
215.1875,-0.126973951
215.25,-0.150541951
215.3125,-0.164109951
215.375,-0.17100595100000002
215.4375,-0.173581951
215.5,-0.164621951
215.5625,-0.146173951
215.625,-0.122365951
215.6875,-0.10778995100000001
215.75,-0.100365951
215.8125,-0.08449395101
215.875,-0.06913395101
215.9375,-0.05452595101
216.0,-0.03686195101
216.0625,-0.01998195101
216.125,0.000242048993
216.1875,0.01637004899
216.25,0.028162048989999997
216.3125,0.03609804899
216.375,0.05425804899
216.4375,0.06577804899
216.5,0.07217804899
216.5625,0.07141004899
216.625,0.07909004899
216.6875,0.105202049
216.75,0.13414604900000002
216.8125,0.123122049
216.875,0.103154049
216.9375,0.107778049
217.0,0.116226049
217.0625,0.09726604899
217.125,0.07320204898999999
217.1875,0.07424204899
217.25,0.08345804898999999
217.3125,0.06501004899
217.375,0.033266048990000005
217.4375,0.006642048993
217.5,-0.012797951010000001
217.5625,-0.03916595101
217.625,-0.07039795101
217.6875,-0.09370995101
217.75,-0.10265395100000001
217.8125,-0.101133951
217.875,-0.09934195101
217.9375,-0.09780595101
218.0,-0.09140595101
218.0625,-0.07374195101
218.125,-0.05554995101
218.1875,-0.04942195101
218.25,-0.04838195101
218.3125,-0.03890995101
218.375,-0.01586995101
218.4375,0.002050048993
218.5,0.01843404899
218.5625,0.03301004899
218.625,0.054002048989999996
218.6875,0.06963404899
218.75,0.054002048989999996
218.8125,0.02662604899
218.875,0.004850048993
218.9375,-0.005629951007
219.0,-0.012797951010000001
219.0625,-0.018445951010000003
219.125,-0.01946995101
219.1875,-0.01458995101
219.25,-0.01305395101
219.3125,-0.01972595101
219.375,-0.02510195101
219.4375,-0.01665395101
219.5,0.001794048993
219.5625,0.004098048993
219.625,-0.005629951007
219.6875,-0.008717951007
219.75,0.002050048993
219.8125,0.01126604899
219.875,0.0033300489930000003
219.9375,-0.003597951007
220.0,-0.000525951007
220.0625,0.008706048993
220.125,0.007154048993
220.1875,0.003586048993
220.25,0.004354048993
220.3125,0.008962048993
220.375,0.006642048993
220.4375,-0.013565951009999999
220.5,-0.02841395101
220.5625,-0.023037951010000002
220.625,-0.005117951007
220.6875,0.008706048993
220.75,0.01945804899
220.8125,0.03430604899
220.875,0.06219404899
220.9375,0.07808204899
221.0,0.06681804898999999
221.0625,0.044034048990000005
221.125,0.02765004899
221.1875,0.026370048990000002
221.25,0.02149004899
221.3125,0.02022604899
221.375,0.03609804899
221.4375,0.06373004899
221.5,0.07705804899
221.5625,0.07115404899000001
221.625,0.07320204898999999
221.6875,0.07166604899
221.75,0.05630604899
221.8125,0.02611404899
221.875,-0.000781951007
221.9375,-0.015373951010000001
222.0,-0.02380595101
222.0625,-0.04018995101
222.125,-0.06401395101
222.1875,-0.07014195101
222.25,-0.06143795101
222.3125,-0.04863795101
222.375,-0.043021951010000004
222.4375,-0.039677951010000004
222.5,-0.03097395101
222.5625,-0.01153395101
222.625,-0.001293951007
222.6875,0.009730048993
222.75,0.03813004899
222.8125,0.08216204899
222.875,0.121074049
222.9375,0.13977804900000002
223.0,0.14590604899999998
223.0625,0.153842049
223.125,0.157442049
223.1875,0.134658049
223.25,0.08576204898999999
223.3125,0.02867404899
223.375,-0.02201395101
223.4375,-0.04812595101
223.5,-0.06913395101
223.5625,-0.08806195101
223.625,-0.105213951
223.6875,-0.105725951
223.75,-0.09217395100999999
223.8125,-0.08500595101
223.875,-0.08857395101
223.9375,-0.09242995101
224.0,-0.07807795101000001
224.0625,-0.04916595101
224.125,-0.02380595101
224.1875,-0.01458995101
224.25,-0.009741951007
224.3125,0.007922048993
224.375,0.03198604899
224.4375,0.03992204899
224.5,0.036866048990000004
224.5625,0.04480204899
224.625,0.048626048990000004
224.6875,0.03481804899
224.75,0.01509004899
224.8125,0.006130048993
224.875,0.01152204899
224.9375,0.01534604899
225.0,0.01381004899
225.0625,0.02200204899
225.125,0.04581004899
225.1875,0.06577804899
225.25,0.06630604898999999
225.3125,0.06245004899
225.375,0.07397004899
225.4375,0.09318604899
225.5,0.107010049
225.5625,0.07680204899
225.625,0.022258048989999998
225.6875,-0.02252595101
225.75,-0.04786995101
225.8125,-0.06606195101
225.875,-0.09471795101
225.9375,-0.122893951
226.0,-0.14438195099999998
226.0625,-0.161021951
226.125,-0.179197951
226.1875,-0.193277951
226.25,-0.200205951
226.3125,-0.195325951
226.375,-0.187389951
226.4375,-0.179981951
226.5,-0.172045951
226.5625,-0.16436595099999998
226.625,-0.14286195100000001
226.6875,-0.114189951
226.75,-0.07630195101
226.8125,-0.03457395101
226.875,0.007666048993000001
226.9375,0.05120204899
227.0,0.104946049
227.0625,0.153330049
227.125,0.182530049
227.1875,0.20736204900000002
227.25,0.22987404900000002
227.3125,0.260082049
227.375,0.290562049
227.4375,0.309490049
227.5,0.317682049
227.5625,0.32179404899999997
227.625,0.322818049
227.6875,0.316146049
227.75,0.300530049
227.8125,0.278002049
227.875,0.242930049
227.9375,0.18995404899999999
228.0,0.123650049
228.0625,0.03712204899
228.125,-0.02841395101
228.1875,-0.07833395101000001
228.25,-0.130301951
228.3125,-0.18177395100000002
228.375,-0.228605951
228.4375,-0.26700595099999996
228.5,-0.288781951
228.5625,-0.299261951
228.625,-0.31207795099999996
228.6875,-0.34022195099999997
228.75,-0.363277951
228.8125,-0.365565951
228.875,-0.365565951
228.9375,-0.36122995100000005
229.0,-0.34510195099999996
229.0625,-0.327181951
229.125,-0.31130995100000003
229.1875,-0.291341951
229.25,-0.262413951
229.3125,-0.227581951
229.375,-0.192013951
229.4375,-0.15617395099999998
229.5,-0.12314995100000001
229.5625,-0.09319795101
229.625,-0.06580595101
229.6875,-0.03788595101
229.75,-0.003341951007
229.8125,0.02097804899
229.875,0.03096204899
229.9375,0.04275404899
230.0,0.07013004899
230.0625,0.112370049
230.125,0.153842049
230.1875,0.184322049
230.25,0.219122049
230.3125,0.244978049
230.375,0.264690049
230.4375,0.278002049
230.5,0.272386049
230.5625,0.262386049
230.625,0.249858049
230.6875,0.236530049
230.75,0.215554049
230.8125,0.201202049
230.875,0.179954049
230.9375,0.14873804899999998
231.0,0.12184204900000001
231.0625,0.107522049
231.125,0.09649804899
231.1875,0.08320204899
231.25,0.07397004899
231.3125,0.061442048990000005
231.375,0.041202048990000004
231.4375,0.01534604899
231.5,-0.0028299510070000002
231.5625,-0.011789951009999999
231.625,-0.01793395101
231.6875,-0.01972595101
231.75,-0.02226995101
231.8125,-0.02841395101
231.875,-0.037373951009999996
231.9375,-0.04838195101
232.0,-0.06425395100999999
232.0625,-0.07655795101
232.125,-0.08114995101
232.1875,-0.07935795101
232.25,-0.06988595101
232.3125,-0.07065395101
232.375,-0.07732595100999999
232.4375,-0.08167795101
232.5,-0.08114995101
232.5625,-0.08038195101
232.625,-0.08321395101000001
232.6875,-0.08831795101
232.75,-0.09625395100999999
232.8125,-0.10265395100000001
232.875,-0.108813951
232.9375,-0.11009395100000001
233.0,-0.107277951
233.0625,-0.104957951
233.125,-0.10778995100000001
233.1875,-0.110845951
233.25,-0.115725951
233.3125,-0.118285951
233.375,-0.111101951
233.4375,-0.101133951
233.5,-0.09063795101
233.5625,-0.08167795101
233.625,-0.07090995101
233.6875,-0.05426995101
233.75,-0.02689395101
233.8125,0.0033300489930000003
233.875,0.034562048990000004
233.9375,0.06501004899
234.0,0.09113804899
234.0625,0.111602049
234.125,0.124930049
234.1875,0.133122049
234.25,0.13157004900000002
234.3125,0.12595404899999998
234.375,0.11776204900000001
234.4375,0.112114049
234.5,0.108034049
234.5625,0.10240204900000001
234.625,0.09982604899
234.6875,0.09907404899
234.75,0.104946049
234.8125,0.105970049
234.875,0.102146049
234.9375,0.103666049
235.0,0.102898049
235.0625,0.100850049
235.125,0.09752204899
235.1875,0.109314049
235.25,0.125186049
235.3125,0.127474049
235.375,0.118786049
235.4375,0.12184204900000001
235.5,0.132866049
235.5625,0.118018049
235.625,0.07192204898999999
235.6875,0.040946048990000004
235.75,0.03121804899
235.8125,0.02073804899
235.875,-0.000525951007
235.9375,-0.01946995101
236.0,-0.02791795101
236.0625,-0.03814195101
236.125,-0.05940595101
236.1875,-0.07910195100999999
236.25,-0.08295795101
236.3125,-0.06708595101
236.375,-0.04865395101
236.4375,-0.04404595101
236.5,-0.05146995101
236.5625,-0.05631795101
236.625,-0.05324595101
236.6875,-0.04684595101
236.75,-0.04607795101
236.8125,-0.04327795101
236.875,-0.03252595101
236.9375,-0.03252595101
237.0,-0.043021951010000004
237.0625,-0.05580595101
237.125,-0.06169395101
237.1875,-0.060173951010000004
237.25,-0.05478195101
237.3125,-0.04660595101
237.375,-0.02535795101
237.4375,0.004850048993
237.5,0.009986048993
237.5625,-0.01025395101
237.625,-0.042509951010000005
237.6875,-0.06836595101000001
237.75,-0.08346995101
237.8125,-0.09831795101
237.875,-0.10546995099999999
237.9375,-0.09857395101000001
238.0,-0.07833395101000001
238.0625,-0.051981951010000006
238.125,-0.01586995101
238.1875,0.02097804899
238.25,0.07501004899
238.3125,0.144114049
238.375,0.204786049
238.4375,0.237554049
238.5,0.22961804900000002
238.5625,0.211698049
238.625,0.20889804899999997
238.6875,0.20710604900000001
238.75,0.191746049
238.8125,0.16357004900000002
238.875,0.125442049
238.9375,0.08269004899
239.0,0.03736204899
239.0625,-0.008717951007
239.125,-0.056829951010000004
239.1875,-0.09650995101
239.25,-0.121085951
239.3125,-0.139277951
239.375,-0.15105395100000002
239.4375,-0.163069951
239.5,-0.17970995099999998
239.5625,-0.186621951
239.625,-0.182285951
239.6875,-0.16767795100000002
239.75,-0.148493951
239.8125,-0.126221951
239.875,-0.09729395101
239.9375,-0.06169395101
240.0,-0.039677951010000004
240.0625,-0.02201395101
240.125,0.0033300489930000003
240.1875,0.03430604899
240.25,0.06963404899
240.3125,0.09907404899
240.375,0.12773004899999998
240.4375,0.16229004900000002
240.5,0.20401804899999998
240.5625,0.219634049
240.625,0.20990604899999998
240.6875,0.197890049
240.75,0.192770049
240.8125,0.192258049
240.875,0.185074049
240.9375,0.17433804900000002
241.0,0.16717004900000001
241.0625,0.13517004900000001
241.125,0.08011404899
241.1875,0.02585804899
241.25,-0.02433395101
241.3125,-0.07295795101000001
241.375,-0.119037951
241.4375,-0.15617395099999998
241.5,-0.175629951
241.5625,-0.19175795099999998
241.625,-0.20326195100000002
241.6875,-0.21633395100000002
241.75,-0.224013951
241.8125,-0.22809395100000002
241.875,-0.226557951
241.9375,-0.216589951
242.0,-0.20300595100000002
242.0625,-0.188685951
242.125,-0.175373951
242.1875,-0.162317951
242.25,-0.14412595099999997
242.3125,-0.124429951
242.375,-0.109069951
242.4375,-0.08806195101
242.5,-0.06425395100999999
242.5625,-0.04174195101
242.625,-0.020477951010000002
242.6875,-0.008461951007
242.75,0.006642048993
242.8125,0.02841804899
242.875,0.051698048989999995
242.9375,0.07243404899
243.0,0.09009804899
243.0625,0.106738049
243.125,0.11545804900000001
243.1875,0.120050049
243.25,0.134402049
243.3125,0.149250049
243.375,0.151554049
243.4375,0.154354049
243.5,0.151810049
243.5625,0.146162049
243.625,0.144114049
243.6875,0.150530049
243.75,0.157698049
243.8125,0.08397004898999999
243.875,0.01229004899
243.9375,-0.047101951010000004
244.0,-0.10470195099999999
244.0625,-0.162557951
244.125,-0.216589951
244.1875,-0.263181951
244.25,-0.29774195099999995
244.3125,-0.320013951
244.375,-0.329741951
244.4375,-0.328717951
244.5,-0.31386995100000004
244.5625,-0.286733951
244.625,-0.247821951
